,Protein,ENSG,UniProt,Source,Score
0,CYP3A4,ENSG00000160868,P08684,uniprot_swissprot,0.5817895718332612
1,CYP3A5,ENSG00000106258,P20815,uniprot_swissprot,0.5817317840678529
2,CYP3A43,ENSG00000021461,Q9HB55,uniprot_swissprot,0.5794642576677561
3,CYP3A7,ENSG00000160870,P24462,uniprot_swissprot,0.5794642576677561
4,CCR5,ENSG00000160791,P51681,uniprot_swissprot,0.5754139611468492
